{
    "egodex": {
        "min": [
            0.04709421470761299,
            0.019330808892846107,
            -0.39830082654953003,
            -0.9121454358100891,
            -0.9999727010726929,
            -0.9837056994438171,
            -0.7067261338233948,
            -0.10642196983098984,
            -0.9102450013160706,
            -0.1108349934220314,
            -0.1517123281955719,
            -0.002557916333898902,
            -0.07164742797613144,
            -0.18309330940246582,
            0.00018595730944070965,
            -0.054173342883586884,
            -0.1645418107509613,
            -0.018404435366392136,
            -0.019608434289693832,
            -0.10844562947750092,
            -0.02381581999361515,
            -0.01497284322977066,
            -0.035672761499881744,
            -0.029103605076670647,
            0.053218189626932144,
            -0.2787534296512604,
            -0.38972678780555725,
            -0.9224660396575928,
            -0.99983811378479,
            -0.9996763467788696,
            -0.8456113338470459,
            -0.21220695972442627,
            -0.9773774147033691,
            -0.11251860857009888,
            -0.1389455497264862,
            -0.11276675760746002,
            -0.07098928838968277,
            -0.178977370262146,
            -0.045597974210977554,
            -0.059943001717329025,
            -0.1605720818042755,
            -0.015475588850677013,
            -0.016214439645409584,
            -0.10834461450576782,
            0.0026755230501294136,
            -0.008497112430632114,
            -0.03636888042092323,
            0.015512599609792233
        ],
        "max": [
            0.49203911423683167,
            0.4290387034416199,
            -0.20765012502670288,
            0.8147554993629456,
            -0.3067387640476227,
            0.9999845623970032,
            0.7857082486152649,
            0.9999979734420776,
            0.6395852565765381,
            0.008534438908100128,
            -0.0761527344584465,
            0.1215263083577156,
            0.04202499985694885,
            -0.0872817412018776,
            0.06685136258602142,
            0.03536100685596466,
            -0.11444307863712311,
            0.012784868478775024,
            0.005907410755753517,
            -0.09100641310214996,
            -0.00996109377592802,
            0.0002884134300984442,
            -0.018553372472524643,
            -0.01735066808760166,
            0.4729313552379608,
            0.1543225198984146,
            -0.1728949099779129,
            0.739169180393219,
            -0.20512698590755463,
            0.4553420841693878,
            0.5674517750740051,
            0.9999694228172302,
            0.5215741991996765,
            -0.004925943911075592,
            -0.08691466599702835,
            0.0065346043556928635,
            0.037572212517261505,
            -0.08342421054840088,
            0.004948415793478489,
            0.021248266100883484,
            -0.10870283842086792,
            0.01926780678331852,
            0.008813310414552689,
            -0.09170234948396683,
            0.025131644681096077,
            0.004462044220417738,
            -0.019725358113646507,
            0.029711950570344925
        ]
    }
}